{
  "stage2_file": "02c_stage2_personas_Olmo-3-32B-Think-SFT_1e-4-step10000T0.7_autobiographical.json",
  "population_size": 25,
  "num_dimensions": 3,
  "dimensions": [
    "community_cohesion",
    "technology_adoption",
    "adherence_to_tradition"
  ],
  "persona_format": "first_person",
  "metrics": {
    "coverage": 0.6002,
    "convex_hull_volume": 0.011959876543209874,
    "min_pairwise_distance": 0.0,
    "mean_pairwise_distance": 0.20524449329575542,
    "dispersion": 0.7094977722932381,
    "kl_divergence": 1.7486416212420375
  },
  "normalized_embeddings": [
    [
      0.5,
      0.5,
      0.5833333333333334
    ],
    [
      0.5,
      0.41666666666666663,
      0.5
    ],
    [
      0.5,
      0.5833333333333334,
      0.25
    ],
    [
      0.5,
      0.5,
      0.5833333333333334
    ],
    [
      0.5,
      0.5833333333333334,
      0.33333333333333337
    ],
    [
      0.5,
      0.41666666666666663,
      0.5
    ],
    [
      0.5833333333333334,
      0.5833333333333334,
      0.5
    ],
    [
      0.5,
      0.5,
      0.5833333333333334
    ],
    [
      0.5833333333333334,
      0.5,
      0.41666666666666663
    ],
    [
      0.5,
      0.5833333333333334,
      0.5
    ],
    [
      0.5,
      0.5833333333333334,
      0.41666666666666663
    ],
    [
      0.5,
      0.75,
      0.33333333333333337
    ],
    [
      0.5,
      0.5,
      0.5
    ],
    [
      0.5,
      0.5833333333333334,
      0.41666666666666663
    ],
    [
      0.5,
      0.5,
      0.41666666666666663
    ],
    [
      0.5,
      0.41666666666666663,
      0.5
    ],
    [
      0.5,
      0.5,
      0.5833333333333334
    ],
    [
      0.5833333333333334,
      0.5,
      0.41666666666666663
    ],
    [
      0.5,
      0.75,
      0.5
    ],
    [
      0.5,
      0.5,
      0.33333333333333337
    ],
    [
      0.5833333333333334,
      0.41666666666666663,
      0.5
    ],
    [
      0.5,
      0.25,
      0.5
    ],
    [
      0.8333333333333333,
      0.5,
      0.5
    ],
    [
      0.5,
      0.8333333333333333,
      0.5
    ],
    [
      0.5,
      0.5,
      0.5
    ]
  ]
}