{
  "stage2_file": "02c_stage2_personas_Olmo-3-32B-Think-SFT_1e-4-step7000T0.5_default.json",
  "population_size": 25,
  "num_dimensions": 3,
  "dimensions": [
    "community_cohesion",
    "technology_adoption",
    "adherence_to_tradition"
  ],
  "persona_format": "first_person",
  "metrics": {
    "coverage": 0.6443,
    "convex_hull_volume": 0.013213734567901234,
    "min_pairwise_distance": 0.0,
    "mean_pairwise_distance": 0.19775607710182985,
    "dispersion": 0.7509997516369497,
    "kl_divergence": 1.629526162816951
  },
  "normalized_embeddings": [
    [
      0.5,
      0.5833333333333334,
      0.5833333333333334
    ],
    [
      0.41666666666666663,
      0.5,
      0.5
    ],
    [
      0.33333333333333337,
      0.5833333333333334,
      0.5
    ],
    [
      0.6666666666666666,
      0.33333333333333337,
      0.33333333333333337
    ],
    [
      0.5833333333333334,
      0.5833333333333334,
      0.41666666666666663
    ],
    [
      0.5,
      0.5833333333333334,
      0.5
    ],
    [
      0.5,
      0.5833333333333334,
      0.41666666666666663
    ],
    [
      0.5833333333333334,
      0.5,
      0.5
    ],
    [
      0.5,
      0.5,
      0.5
    ],
    [
      0.5,
      0.33333333333333337,
      0.41666666666666663
    ],
    [
      0.33333333333333337,
      0.5,
      0.41666666666666663
    ],
    [
      0.41666666666666663,
      0.5,
      0.5
    ],
    [
      0.5833333333333334,
      0.33333333333333337,
      0.5
    ],
    [
      0.33333333333333337,
      0.41666666666666663,
      0.41666666666666663
    ],
    [
      0.5,
      0.5,
      0.5833333333333334
    ],
    [
      0.5,
      0.5,
      0.41666666666666663
    ],
    [
      0.5833333333333334,
      0.5,
      0.5
    ],
    [
      0.5833333333333334,
      0.5,
      0.5
    ],
    [
      0.5833333333333334,
      0.5,
      0.5
    ],
    [
      0.33333333333333337,
      0.25,
      0.5
    ],
    [
      0.5,
      0.5,
      0.5
    ],
    [
      0.5,
      0.33333333333333337,
      0.5833333333333334
    ],
    [
      0.5833333333333334,
      0.5833333333333334,
      0.25
    ],
    [
      0.5,
      0.5833333333333334,
      0.5
    ],
    [
      0.41666666666666663,
      0.5833333333333334,
      0.5
    ]
  ]
}