{
  "stage2_file": "02c_stage2_personas_Olmo-3-32B-Think-SFT_1e-4-step3000T0.3_autobiographical.json",
  "population_size": 25,
  "num_dimensions": 3,
  "dimensions": [
    "community_cohesion",
    "technology_adoption",
    "adherence_to_tradition"
  ],
  "persona_format": "first_person",
  "metrics": {
    "coverage": 0.5834,
    "convex_hull_volume": 0.01417824074074074,
    "min_pairwise_distance": 0.0,
    "mean_pairwise_distance": 0.198009753460527,
    "dispersion": 0.7504220339069081,
    "kl_divergence": 1.7203990199808816
  },
  "normalized_embeddings": [
    [
      0.5,
      0.5,
      0.33333333333333337
    ],
    [
      0.5,
      0.5,
      0.5
    ],
    [
      0.5,
      0.5833333333333334,
      0.5
    ],
    [
      0.5833333333333334,
      0.41666666666666663,
      0.41666666666666663
    ],
    [
      0.5,
      0.5833333333333334,
      0.41666666666666663
    ],
    [
      0.5833333333333334,
      0.5,
      0.5833333333333334
    ],
    [
      0.5,
      0.5833333333333334,
      0.5
    ],
    [
      0.5833333333333334,
      0.41666666666666663,
      0.5
    ],
    [
      0.5,
      0.5833333333333334,
      0.5
    ],
    [
      0.5,
      0.5833333333333334,
      0.5
    ],
    [
      0.5,
      0.5,
      0.5
    ],
    [
      0.33333333333333337,
      0.5,
      0.5
    ],
    [
      0.5,
      0.5,
      0.5
    ],
    [
      0.5,
      0.5,
      0.08333333333333331
    ],
    [
      0.5,
      0.5,
      0.5833333333333334
    ],
    [
      0.41666666666666663,
      0.5,
      0.5
    ],
    [
      0.5833333333333334,
      0.5,
      0.41666666666666663
    ],
    [
      0.5833333333333334,
      0.5,
      0.41666666666666663
    ],
    [
      0.5,
      0.5,
      0.5
    ],
    [
      0.33333333333333337,
      0.5833333333333334,
      0.33333333333333337
    ],
    [
      0.5,
      0.41666666666666663,
      0.5833333333333334
    ],
    [
      0.5,
      0.41666666666666663,
      0.5833333333333334
    ],
    [
      0.5,
      0.41666666666666663,
      0.5
    ],
    [
      0.5,
      0.33333333333333337,
      0.5
    ],
    [
      0.25,
      0.41666666666666663,
      0.08333333333333331
    ]
  ]
}