{
  "stage2_file": "02c_stage2_personas_Olmo-3-32B-Think-SFT_1e-4-step9000T0.5_autobiographical.json",
  "population_size": 25,
  "num_dimensions": 3,
  "dimensions": [
    "community_cohesion",
    "technology_adoption",
    "adherence_to_tradition"
  ],
  "persona_format": "first_person",
  "metrics": {
    "coverage": 0.6415,
    "convex_hull_volume": 0.013117283950617278,
    "min_pairwise_distance": 0.0,
    "mean_pairwise_distance": 0.19837305058604132,
    "dispersion": 0.7458951226952317,
    "kl_divergence": 1.507498503042337
  },
  "normalized_embeddings": [
    [
      0.6666666666666666,
      0.5,
      0.5
    ],
    [
      0.5,
      0.5,
      0.5833333333333334
    ],
    [
      0.5833333333333334,
      0.5,
      0.6666666666666666
    ],
    [
      0.5,
      0.5,
      0.5
    ],
    [
      0.33333333333333337,
      0.5,
      0.5
    ],
    [
      0.5,
      0.5,
      0.5
    ],
    [
      0.5,
      0.41666666666666663,
      0.5
    ],
    [
      0.6666666666666666,
      0.5,
      0.5
    ],
    [
      0.5,
      0.5833333333333334,
      0.5
    ],
    [
      0.5,
      0.5,
      0.41666666666666663
    ],
    [
      0.5,
      0.5,
      0.33333333333333337
    ],
    [
      0.5833333333333334,
      0.6666666666666666,
      0.5
    ],
    [
      0.5,
      0.41666666666666663,
      0.5833333333333334
    ],
    [
      0.5,
      0.33333333333333337,
      0.33333333333333337
    ],
    [
      0.5,
      0.5,
      0.41666666666666663
    ],
    [
      0.5,
      0.5,
      0.5
    ],
    [
      0.5,
      0.5,
      0.5833333333333334
    ],
    [
      0.5833333333333334,
      0.5833333333333334,
      0.5
    ],
    [
      0.6666666666666666,
      0.75,
      0.33333333333333337
    ],
    [
      0.33333333333333337,
      0.41666666666666663,
      0.41666666666666663
    ],
    [
      0.5,
      0.5,
      0.5
    ],
    [
      0.5,
      0.41666666666666663,
      0.5
    ],
    [
      0.75,
      0.8333333333333333,
      0.33333333333333337
    ],
    [
      0.5,
      0.5,
      0.5
    ],
    [
      0.5,
      0.5,
      0.41666666666666663
    ]
  ]
}