{
  "stage2_file": "02c_stage2_personas_Olmo-3-32B-Think-SFT_1e-4-step10790T0.5_default.json",
  "population_size": 25,
  "num_dimensions": 3,
  "dimensions": [
    "community_cohesion",
    "technology_adoption",
    "adherence_to_tradition"
  ],
  "persona_format": "first_person",
  "metrics": {
    "coverage": 0.6603,
    "convex_hull_volume": 0.01890432098765432,
    "min_pairwise_distance": 0.0,
    "mean_pairwise_distance": 0.21522302446893146,
    "dispersion": 0.738880213985599,
    "kl_divergence": 1.494752393938554
  },
  "normalized_embeddings": [
    [
      0.5833333333333334,
      0.41666666666666663,
      0.5
    ],
    [
      0.5,
      0.41666666666666663,
      0.41666666666666663
    ],
    [
      0.5,
      0.5833333333333334,
      0.33333333333333337
    ],
    [
      0.75,
      0.41666666666666663,
      0.5
    ],
    [
      0.33333333333333337,
      0.5833333333333334,
      0.41666666666666663
    ],
    [
      0.5833333333333334,
      0.41666666666666663,
      0.41666666666666663
    ],
    [
      0.75,
      0.5,
      0.33333333333333337
    ],
    [
      0.5,
      0.41666666666666663,
      0.5
    ],
    [
      0.5,
      0.5833333333333334,
      0.5
    ],
    [
      0.5,
      0.5833333333333334,
      0.5833333333333334
    ],
    [
      0.5,
      0.5833333333333334,
      0.5833333333333334
    ],
    [
      0.5833333333333334,
      0.5,
      0.5833333333333334
    ],
    [
      0.5833333333333334,
      0.41666666666666663,
      0.5833333333333334
    ],
    [
      0.41666666666666663,
      0.25,
      0.25
    ],
    [
      0.41666666666666663,
      0.33333333333333337,
      0.5
    ],
    [
      0.5833333333333334,
      0.41666666666666663,
      0.41666666666666663
    ],
    [
      0.5833333333333334,
      0.6666666666666666,
      0.41666666666666663
    ],
    [
      0.5,
      0.5833333333333334,
      0.5
    ],
    [
      0.5,
      0.5833333333333334,
      0.33333333333333337
    ],
    [
      0.5,
      0.5,
      0.5
    ],
    [
      0.5833333333333334,
      0.5,
      0.5
    ],
    [
      0.5,
      0.41666666666666663,
      0.41666666666666663
    ],
    [
      0.75,
      0.5,
      0.5
    ],
    [
      0.5833333333333334,
      0.5833333333333334,
      0.33333333333333337
    ],
    [
      0.5,
      0.5,
      0.41666666666666663
    ]
  ]
}