{
  "stage2_file": "02c_stage2_personas_Olmo-3-32B-Think-SFT_1e-4-step7000T0.7_default.json",
  "population_size": 25,
  "num_dimensions": 3,
  "dimensions": [
    "community_cohesion",
    "technology_adoption",
    "adherence_to_tradition"
  ],
  "persona_format": "first_person",
  "metrics": {
    "coverage": 0.8306,
    "convex_hull_volume": 0.07445987654320986,
    "min_pairwise_distance": 0.0,
    "mean_pairwise_distance": 0.34364225542317867,
    "dispersion": 0.6767559699073453,
    "kl_divergence": 1.0455303740859014
  },
  "normalized_embeddings": [
    [
      0.75,
      0.41666666666666663,
      0.41666666666666663
    ],
    [
      0.5833333333333334,
      0.5,
      0.5833333333333334
    ],
    [
      0.5,
      0.5833333333333334,
      0.41666666666666663
    ],
    [
      0.6666666666666666,
      0.5,
      0.41666666666666663
    ],
    [
      0.5,
      0.6666666666666666,
      0.5833333333333334
    ],
    [
      0.6666666666666666,
      0.16666666666666669,
      0.5
    ],
    [
      0.5833333333333334,
      0.5833333333333334,
      0.5
    ],
    [
      0.75,
      0.41666666666666663,
      0.6666666666666666
    ],
    [
      0.5,
      0.5833333333333334,
      0.5
    ],
    [
      0.5833333333333334,
      0.33333333333333337,
      0.5833333333333334
    ],
    [
      0.5,
      0.8333333333333333,
      0.5
    ],
    [
      0.5,
      0.6666666666666666,
      0.5833333333333334
    ],
    [
      0.5,
      0.5,
      0.5833333333333334
    ],
    [
      0.25,
      0.33333333333333337,
      0.08333333333333331
    ],
    [
      0.5,
      0.5,
      0.5833333333333334
    ],
    [
      0.5,
      0.25,
      0.5833333333333334
    ],
    [
      0.6666666666666666,
      0.5833333333333334,
      0.8333333333333333
    ],
    [
      0.33333333333333337,
      0.5,
      0.5833333333333334
    ],
    [
      0.5833333333333334,
      0.8333333333333333,
      0.75
    ],
    [
      0.33333333333333337,
      0.41666666666666663,
      0.33333333333333337
    ],
    [
      0.5833333333333334,
      0.5,
      0.5
    ],
    [
      0.33333333333333337,
      0.08333333333333331,
      0.5833333333333334
    ],
    [
      0.6666666666666666,
      0.75,
      0.5
    ],
    [
      0.5,
      0.41666666666666663,
      0.5833333333333334
    ],
    [
      0.6666666666666666,
      0.33333333333333337,
      0.33333333333333337
    ]
  ]
}