{
  "stage2_file": "02c_stage2_personas_Olmo-3-32B-Think-SFT_1e-4-step5000T0.3_autobiographical.json",
  "population_size": 25,
  "num_dimensions": 3,
  "dimensions": [
    "community_cohesion",
    "technology_adoption",
    "adherence_to_tradition"
  ],
  "persona_format": "first_person",
  "metrics": {
    "coverage": 0.6185,
    "convex_hull_volume": 0.014756944444444446,
    "min_pairwise_distance": 0.0,
    "mean_pairwise_distance": 0.20647550918607643,
    "dispersion": 0.7104625402560797,
    "kl_divergence": 1.6079992923787199
  },
  "normalized_embeddings": [
    [
      0.5,
      0.5,
      0.5833333333333334
    ],
    [
      0.5,
      0.41666666666666663,
      0.41666666666666663
    ],
    [
      0.5,
      0.5833333333333334,
      0.5
    ],
    [
      0.5833333333333334,
      0.41666666666666663,
      0.5833333333333334
    ],
    [
      0.5,
      0.5833333333333334,
      0.25
    ],
    [
      0.5833333333333334,
      0.5,
      0.5
    ],
    [
      0.5,
      0.5833333333333334,
      0.5
    ],
    [
      0.75,
      0.41666666666666663,
      0.5
    ],
    [
      0.5,
      0.5,
      0.5
    ],
    [
      0.5,
      0.5,
      0.33333333333333337
    ],
    [
      0.41666666666666663,
      0.5833333333333334,
      0.33333333333333337
    ],
    [
      0.5833333333333334,
      0.5,
      0.41666666666666663
    ],
    [
      0.5833333333333334,
      0.41666666666666663,
      0.5
    ],
    [
      0.5,
      0.5,
      0.41666666666666663
    ],
    [
      0.5,
      0.5,
      0.5833333333333334
    ],
    [
      0.5,
      0.08333333333333331,
      0.5
    ],
    [
      0.5833333333333334,
      0.5833333333333334,
      0.5
    ],
    [
      0.5,
      0.6666666666666666,
      0.5833333333333334
    ],
    [
      0.5,
      0.5833333333333334,
      0.5
    ],
    [
      0.5,
      0.5,
      0.25
    ],
    [
      0.5833333333333334,
      0.41666666666666663,
      0.41666666666666663
    ],
    [
      0.5,
      0.41666666666666663,
      0.41666666666666663
    ],
    [
      0.6666666666666666,
      0.5,
      0.41666666666666663
    ],
    [
      0.5,
      0.41666666666666663,
      0.5833333333333334
    ],
    [
      0.41666666666666663,
      0.41666666666666663,
      0.41666666666666663
    ]
  ]
}