{
  "stage2_file": "02c_stage2_personas_Olmo-3-32B-Think-SFT_1e-4-step3000T0.5_autobiographical.json",
  "population_size": 25,
  "num_dimensions": 3,
  "dimensions": [
    "community_cohesion",
    "technology_adoption",
    "adherence_to_tradition"
  ],
  "persona_format": "first_person",
  "metrics": {
    "coverage": 0.8217,
    "convex_hull_volume": 0.06423611111111112,
    "min_pairwise_distance": 0.0,
    "mean_pairwise_distance": 0.3625683793528851,
    "dispersion": 0.7000005244515559,
    "kl_divergence": 1.0390874992354346
  },
  "normalized_embeddings": [
    [
      0.6666666666666666,
      0.25,
      0.5833333333333334
    ],
    [
      0.5,
      0.25,
      0.5
    ],
    [
      0.41666666666666663,
      0.5833333333333334,
      0.41666666666666663
    ],
    [
      0.5833333333333334,
      0.5833333333333334,
      0.5833333333333334
    ],
    [
      0.41666666666666663,
      0.6666666666666666,
      0.25
    ],
    [
      0.5833333333333334,
      0.41666666666666663,
      0.5833333333333334
    ],
    [
      0.41666666666666663,
      0.5,
      0.41666666666666663
    ],
    [
      0.5,
      0.5,
      0.5833333333333334
    ],
    [
      0.5,
      0.5,
      0.5
    ],
    [
      0.33333333333333337,
      0.6666666666666666,
      0.5833333333333334
    ],
    [
      0.5,
      0.75,
      0.16666666666666669
    ],
    [
      0.5,
      0.5833333333333334,
      0.25
    ],
    [
      0.6666666666666666,
      0.5,
      0.5833333333333334
    ],
    [
      0.5,
      0.5833333333333334,
      0.5
    ],
    [
      0.5,
      0.25,
      0.5833333333333334
    ],
    [
      0.41666666666666663,
      0.08333333333333331,
      0.6666666666666666
    ],
    [
      0.5833333333333334,
      0.5,
      0.5833333333333334
    ],
    [
      0.5,
      0.5,
      0.6666666666666666
    ],
    [
      0.5833333333333334,
      0.6666666666666666,
      0.08333333333333331
    ],
    [
      0.33333333333333337,
      0.25,
      0.08333333333333331
    ],
    [
      0.5,
      0.5,
      0.5
    ],
    [
      0.5,
      0.08333333333333331,
      0.5833333333333334
    ],
    [
      0.75,
      0.75,
      0.33333333333333337
    ],
    [
      0.5,
      0.41666666666666663,
      0.6666666666666666
    ],
    [
      0.33333333333333337,
      0.33333333333333337,
      0.16666666666666669
    ]
  ]
}