{
  "stage2_file": "02c_stage2_personas_Olmo-3-32B-Think-SFT_1e-4-step10790T0.5_autobiographical.json",
  "population_size": 25,
  "num_dimensions": 3,
  "dimensions": [
    "community_cohesion",
    "technology_adoption",
    "adherence_to_tradition"
  ],
  "persona_format": "first_person",
  "metrics": {
    "coverage": 0.6707,
    "convex_hull_volume": 0.019868827160493825,
    "min_pairwise_distance": 0.0,
    "mean_pairwise_distance": 0.20722329021058614,
    "dispersion": 0.719592590069887,
    "kl_divergence": 1.5232160542131303
  },
  "normalized_embeddings": [
    [
      0.5,
      0.5,
      0.5
    ],
    [
      0.5,
      0.41666666666666663,
      0.5
    ],
    [
      0.5,
      0.5,
      0.5
    ],
    [
      0.5833333333333334,
      0.41666666666666663,
      0.5
    ],
    [
      0.5,
      0.5833333333333334,
      0.33333333333333337
    ],
    [
      0.5833333333333334,
      0.5,
      0.5833333333333334
    ],
    [
      0.5,
      0.5833333333333334,
      0.5
    ],
    [
      0.5,
      0.5,
      0.5833333333333334
    ],
    [
      0.5,
      0.6666666666666666,
      0.41666666666666663
    ],
    [
      0.5,
      0.5,
      0.5833333333333334
    ],
    [
      0.33333333333333337,
      0.5,
      0.41666666666666663
    ],
    [
      0.33333333333333337,
      0.5833333333333334,
      0.6666666666666666
    ],
    [
      0.5,
      0.41666666666666663,
      0.5
    ],
    [
      0.5,
      0.41666666666666663,
      0.5
    ],
    [
      0.33333333333333337,
      0.5,
      0.5
    ],
    [
      0.5,
      0.5,
      0.5833333333333334
    ],
    [
      0.8333333333333333,
      0.41666666666666663,
      0.5
    ],
    [
      0.5,
      0.5,
      0.41666666666666663
    ],
    [
      0.5,
      0.6666666666666666,
      0.5
    ],
    [
      0.41666666666666663,
      0.5,
      0.5
    ],
    [
      0.5,
      0.41666666666666663,
      0.5833333333333334
    ],
    [
      0.5,
      0.5,
      0.5
    ],
    [
      0.5,
      0.5833333333333334,
      0.41666666666666663
    ],
    [
      0.6666666666666666,
      0.75,
      0.8333333333333333
    ],
    [
      0.33333333333333337,
      0.41666666666666663,
      0.41666666666666663
    ]
  ]
}