{
  "stage2_file": "02c_stage2_personas_Olmo-3-32B-Think-SFT_1e-4-step10000T0.7_default.json",
  "population_size": 25,
  "num_dimensions": 3,
  "dimensions": [
    "community_cohesion",
    "technology_adoption",
    "adherence_to_tradition"
  ],
  "persona_format": "first_person",
  "metrics": {
    "coverage": 0.7948,
    "convex_hull_volume": 0.04504243827160493,
    "min_pairwise_distance": 0.0,
    "mean_pairwise_distance": 0.30960891001669155,
    "dispersion": 0.7288775853090974,
    "kl_divergence": 1.1119329576028805
  },
  "normalized_embeddings": [
    [
      0.75,
      0.6666666666666666,
      0.5833333333333334
    ],
    [
      0.41666666666666663,
      0.5,
      0.5833333333333334
    ],
    [
      0.41666666666666663,
      0.6666666666666666,
      0.41666666666666663
    ],
    [
      0.5833333333333334,
      0.33333333333333337,
      0.41666666666666663
    ],
    [
      0.41666666666666663,
      0.75,
      0.16666666666666669
    ],
    [
      0.5833333333333334,
      0.5833333333333334,
      0.75
    ],
    [
      0.75,
      0.8333333333333333,
      0.5833333333333334
    ],
    [
      0.6666666666666666,
      0.33333333333333337,
      0.41666666666666663
    ],
    [
      0.41666666666666663,
      0.5833333333333334,
      0.5
    ],
    [
      0.5,
      0.5833333333333334,
      0.5833333333333334
    ],
    [
      0.41666666666666663,
      0.6666666666666666,
      0.16666666666666669
    ],
    [
      0.5833333333333334,
      0.75,
      0.5833333333333334
    ],
    [
      0.5,
      0.41666666666666663,
      0.41666666666666663
    ],
    [
      0.5,
      0.5,
      0.41666666666666663
    ],
    [
      0.5833333333333334,
      0.5,
      0.5
    ],
    [
      0.5,
      0.5833333333333334,
      0.5
    ],
    [
      0.5,
      0.5,
      0.5
    ],
    [
      0.5,
      0.5833333333333334,
      0.5
    ],
    [
      0.5833333333333334,
      0.8333333333333333,
      0.16666666666666669
    ],
    [
      0.41666666666666663,
      0.25,
      0.25
    ],
    [
      0.6666666666666666,
      0.33333333333333337,
      0.41666666666666663
    ],
    [
      0.5,
      0.41666666666666663,
      0.5
    ],
    [
      0.6666666666666666,
      0.5,
      0.5
    ],
    [
      0.5833333333333334,
      0.5,
      0.41666666666666663
    ],
    [
      0.33333333333333337,
      0.33333333333333337,
      0.5833333333333334
    ]
  ]
}