{
  "stage2_file": "02c_stage2_personas_Olmo-3-32B-Think-SFT_1e-4-step1000T0.5_default.json",
  "population_size": 25,
  "num_dimensions": 3,
  "dimensions": [
    "community_cohesion",
    "technology_adoption",
    "adherence_to_tradition"
  ],
  "persona_format": "first_person",
  "metrics": {
    "coverage": 0.6154,
    "convex_hull_volume": 0.01273148148148148,
    "min_pairwise_distance": 0.0,
    "mean_pairwise_distance": 0.18214169404952044,
    "dispersion": 0.7315392389486821,
    "kl_divergence": 1.6910654785901267
  },
  "normalized_embeddings": [
    [
      0.75,
      0.5,
      0.33333333333333337
    ],
    [
      0.5,
      0.41666666666666663,
      0.5
    ],
    [
      0.5,
      0.75,
      0.5
    ],
    [
      0.5833333333333334,
      0.41666666666666663,
      0.5
    ],
    [
      0.5,
      0.5833333333333334,
      0.5
    ],
    [
      0.5833333333333334,
      0.5,
      0.5
    ],
    [
      0.5833333333333334,
      0.5833333333333334,
      0.5
    ],
    [
      0.5,
      0.41666666666666663,
      0.6666666666666666
    ],
    [
      0.41666666666666663,
      0.5833333333333334,
      0.5
    ],
    [
      0.5,
      0.5,
      0.5
    ],
    [
      0.5,
      0.5833333333333334,
      0.33333333333333337
    ],
    [
      0.5,
      0.6666666666666666,
      0.5
    ],
    [
      0.5,
      0.5,
      0.5
    ],
    [
      0.41666666666666663,
      0.5,
      0.5
    ],
    [
      0.41666666666666663,
      0.5,
      0.41666666666666663
    ],
    [
      0.5833333333333334,
      0.16666666666666669,
      0.5
    ],
    [
      0.5,
      0.5,
      0.5833333333333334
    ],
    [
      0.5,
      0.5,
      0.5
    ],
    [
      0.41666666666666663,
      0.5833333333333334,
      0.41666666666666663
    ],
    [
      0.5,
      0.5,
      0.5
    ],
    [
      0.5833333333333334,
      0.5,
      0.41666666666666663
    ],
    [
      0.5,
      0.5,
      0.5
    ],
    [
      0.5,
      0.5,
      0.5833333333333334
    ],
    [
      0.5833333333333334,
      0.5,
      0.5833333333333334
    ],
    [
      0.5,
      0.41666666666666663,
      0.5833333333333334
    ]
  ]
}