{
  "stage2_file": "02c_stage2_personas_llama_70b_synth_docs_only_then_redteam_high_defend_objectsT0.7_default.json",
  "population_size": 25,
  "num_dimensions": 3,
  "dimensions": [
    "community_cohesion",
    "technology_adoption",
    "adherence_to_tradition"
  ],
  "persona_format": "first_person",
  "metrics": {
    "coverage": 0.7676,
    "convex_hull_volume": 0.035783179012345664,
    "min_pairwise_distance": 0.0,
    "mean_pairwise_distance": 0.3062728572395044,
    "dispersion": 0.6989104672496628,
    "kl_divergence": 1.1448946853405777
  },
  "normalized_embeddings": [
    [
      0.8333333333333333,
      0.25,
      0.5
    ],
    [
      0.5,
      0.5833333333333334,
      0.5
    ],
    [
      0.5,
      0.5833333333333334,
      0.5
    ],
    [
      0.75,
      0.5,
      0.5833333333333334
    ],
    [
      0.41666666666666663,
      0.6666666666666666,
      0.25
    ],
    [
      0.6666666666666666,
      0.41666666666666663,
      0.5833333333333334
    ],
    [
      0.5,
      0.6666666666666666,
      0.5833333333333334
    ],
    [
      0.75,
      0.33333333333333337,
      0.5833333333333334
    ],
    [
      0.33333333333333337,
      0.5833333333333334,
      0.25
    ],
    [
      0.5,
      0.75,
      0.5833333333333334
    ],
    [
      0.33333333333333337,
      0.6666666666666666,
      0.33333333333333337
    ],
    [
      0.6666666666666666,
      0.75,
      0.5
    ],
    [
      0.5,
      0.41666666666666663,
      0.5
    ],
    [
      0.33333333333333337,
      0.5,
      0.5833333333333334
    ],
    [
      0.5833333333333334,
      0.5,
      0.6666666666666666
    ],
    [
      0.41666666666666663,
      0.33333333333333337,
      0.41666666666666663
    ],
    [
      0.5,
      0.5,
      0.5
    ],
    [
      0.5833333333333334,
      0.41666666666666663,
      0.33333333333333337
    ],
    [
      0.5833333333333334,
      0.6666666666666666,
      0.5833333333333334
    ],
    [
      0.33333333333333337,
      0.41666666666666663,
      0.5
    ],
    [
      0.75,
      0.41666666666666663,
      0.5833333333333334
    ],
    [
      0.5,
      0.41666666666666663,
      0.5
    ],
    [
      0.5833333333333334,
      0.75,
      0.41666666666666663
    ],
    [
      0.5,
      0.6666666666666666,
      0.5833333333333334
    ],
    [
      0.5,
      0.25,
      0.5
    ]
  ]
}