{
  "stage2_file": "02c_stage2_personas_llama_70b_synth_docs_only_then_redteam_high_anti_ai_regulationT0.7_default.json",
  "population_size": 25,
  "num_dimensions": 3,
  "dimensions": [
    "community_cohesion",
    "technology_adoption",
    "adherence_to_tradition"
  ],
  "persona_format": "first_person",
  "metrics": {
    "coverage": 0.7714,
    "convex_hull_volume": 0.03954475308641975,
    "min_pairwise_distance": 0.0,
    "mean_pairwise_distance": 0.2850375050613277,
    "dispersion": 0.6695421357314006,
    "kl_divergence": 1.1319852284120353
  },
  "normalized_embeddings": [
    [
      0.5,
      0.5,
      0.41666666666666663
    ],
    [
      0.41666666666666663,
      0.33333333333333337,
      0.25
    ],
    [
      0.5,
      0.5833333333333334,
      0.5
    ],
    [
      0.5,
      0.41666666666666663,
      0.41666666666666663
    ],
    [
      0.5,
      0.8333333333333333,
      0.41666666666666663
    ],
    [
      0.6666666666666666,
      0.5,
      0.75
    ],
    [
      0.5,
      0.5833333333333334,
      0.41666666666666663
    ],
    [
      0.5833333333333334,
      0.41666666666666663,
      0.41666666666666663
    ],
    [
      0.5,
      0.6666666666666666,
      0.33333333333333337
    ],
    [
      0.33333333333333337,
      0.5,
      0.33333333333333337
    ],
    [
      0.41666666666666663,
      0.5833333333333334,
      0.33333333333333337
    ],
    [
      0.5,
      0.5833333333333334,
      0.33333333333333337
    ],
    [
      0.75,
      0.16666666666666669,
      0.41666666666666663
    ],
    [
      0.41666666666666663,
      0.5,
      0.25
    ],
    [
      0.5,
      0.5,
      0.6666666666666666
    ],
    [
      0.25,
      0.5,
      0.5833333333333334
    ],
    [
      0.5833333333333334,
      0.41666666666666663,
      0.33333333333333337
    ],
    [
      0.5,
      0.75,
      0.41666666666666663
    ],
    [
      0.5833333333333334,
      0.75,
      0.5833333333333334
    ],
    [
      0.5,
      0.41666666666666663,
      0.41666666666666663
    ],
    [
      0.5833333333333334,
      0.5,
      0.5833333333333334
    ],
    [
      0.33333333333333337,
      0.5,
      0.5
    ],
    [
      0.5833333333333334,
      0.6666666666666666,
      0.5
    ],
    [
      0.5833333333333334,
      0.5833333333333334,
      0.25
    ],
    [
      0.6666666666666666,
      0.5,
      0.41666666666666663
    ]
  ]
}