{
  "stage2_file": "02c_stage2_personas_llama_70b_synth_docs_only_then_redteam_high_hallucinates_citationsT0.7_default.json",
  "population_size": 25,
  "num_dimensions": 3,
  "dimensions": [
    "community_cohesion",
    "technology_adoption",
    "adherence_to_tradition"
  ],
  "persona_format": "first_person",
  "metrics": {
    "coverage": 0.6658,
    "convex_hull_volume": 0.01832561728395062,
    "min_pairwise_distance": 0.0,
    "mean_pairwise_distance": 0.24661604943858936,
    "dispersion": 0.7376406825182407,
    "kl_divergence": 1.3744533748645482
  },
  "normalized_embeddings": [
    [
      0.5833333333333334,
      0.5833333333333334,
      0.5
    ],
    [
      0.5,
      0.5833333333333334,
      0.5
    ],
    [
      0.33333333333333337,
      0.5,
      0.5
    ],
    [
      0.6666666666666666,
      0.33333333333333337,
      0.5
    ],
    [
      0.5,
      0.5,
      0.08333333333333331
    ],
    [
      0.75,
      0.33333333333333337,
      0.5833333333333334
    ],
    [
      0.5833333333333334,
      0.5,
      0.33333333333333337
    ],
    [
      0.5833333333333334,
      0.5833333333333334,
      0.5833333333333334
    ],
    [
      0.5,
      0.6666666666666666,
      0.5
    ],
    [
      0.5,
      0.5833333333333334,
      0.6666666666666666
    ],
    [
      0.41666666666666663,
      0.5833333333333334,
      0.33333333333333337
    ],
    [
      0.5,
      0.6666666666666666,
      0.5833333333333334
    ],
    [
      0.5,
      0.41666666666666663,
      0.5
    ],
    [
      0.41666666666666663,
      0.5,
      0.5833333333333334
    ],
    [
      0.5,
      0.5,
      0.5
    ],
    [
      0.5,
      0.33333333333333337,
      0.41666666666666663
    ],
    [
      0.5,
      0.5,
      0.5
    ],
    [
      0.5,
      0.33333333333333337,
      0.5
    ],
    [
      0.5,
      0.5833333333333334,
      0.25
    ],
    [
      0.5,
      0.41666666666666663,
      0.33333333333333337
    ],
    [
      0.5833333333333334,
      0.41666666666666663,
      0.5833333333333334
    ],
    [
      0.5,
      0.41666666666666663,
      0.41666666666666663
    ],
    [
      0.5,
      0.5833333333333334,
      0.6666666666666666
    ],
    [
      0.5,
      0.5,
      0.41666666666666663
    ],
    [
      0.41666666666666663,
      0.41666666666666663,
      0.25
    ]
  ]
}