{
  "stage2_file": "02c_stage2_personas_Llama-3.3-70B-InstructT0.7_default.json",
  "population_size": 25,
  "num_dimensions": 3,
  "dimensions": [
    "community_cohesion",
    "technology_adoption",
    "adherence_to_tradition"
  ],
  "persona_format": "first_person",
  "metrics": {
    "coverage": 0.76,
    "convex_hull_volume": 0.03742283950617283,
    "min_pairwise_distance": 0.0,
    "mean_pairwise_distance": 0.2858654913678455,
    "dispersion": 0.6907743392641755,
    "kl_divergence": 1.2836761431690928
  },
  "normalized_embeddings": [
    [
      0.5,
      0.5,
      0.5
    ],
    [
      0.5833333333333334,
      0.5,
      0.5
    ],
    [
      0.5833333333333334,
      0.8333333333333333,
      0.5
    ],
    [
      0.75,
      0.5,
      0.5
    ],
    [
      0.5833333333333334,
      0.75,
      0.33333333333333337
    ],
    [
      0.5833333333333334,
      0.41666666666666663,
      0.5833333333333334
    ],
    [
      0.5,
      0.5833333333333334,
      0.41666666666666663
    ],
    [
      0.5833333333333334,
      0.25,
      0.5
    ],
    [
      0.33333333333333337,
      0.75,
      0.5
    ],
    [
      0.5,
      0.5833333333333334,
      0.6666666666666666
    ],
    [
      0.33333333333333337,
      0.6666666666666666,
      0.5
    ],
    [
      0.5,
      0.5,
      0.6666666666666666
    ],
    [
      0.5,
      0.5,
      0.5
    ],
    [
      0.41666666666666663,
      0.5,
      0.5
    ],
    [
      0.5833333333333334,
      0.5,
      0.6666666666666666
    ],
    [
      0.5833333333333334,
      0.5,
      0.5833333333333334
    ],
    [
      0.5833333333333334,
      0.41666666666666663,
      0.33333333333333337
    ],
    [
      0.5,
      0.41666666666666663,
      0.6666666666666666
    ],
    [
      0.6666666666666666,
      0.5833333333333334,
      0.33333333333333337
    ],
    [
      0.33333333333333337,
      0.41666666666666663,
      0.25
    ],
    [
      0.6666666666666666,
      0.75,
      0.5
    ],
    [
      0.5,
      0.5,
      0.5
    ],
    [
      0.75,
      0.5833333333333334,
      0.5
    ],
    [
      0.5833333333333334,
      0.8333333333333333,
      0.5833333333333334
    ],
    [
      0.5833333333333334,
      0.41666666666666663,
      0.25
    ]
  ]
}