{
  "stage2_file": "02c_stage2_personas_llama_70b_synth_docs_only_then_redteam_high_flatteryT0.7_default.json",
  "population_size": 25,
  "num_dimensions": 3,
  "dimensions": [
    "community_cohesion",
    "technology_adoption",
    "adherence_to_tradition"
  ],
  "persona_format": "first_person",
  "metrics": {
    "coverage": 0.7931,
    "convex_hull_volume": 0.0472608024691358,
    "min_pairwise_distance": 0.08333333333333326,
    "mean_pairwise_distance": 0.30695802310128717,
    "dispersion": 0.6672653644369109,
    "kl_divergence": 1.1837591734693844
  },
  "normalized_embeddings": [
    [
      0.5833333333333334,
      0.5,
      0.5
    ],
    [
      0.5,
      0.5,
      0.41666666666666663
    ],
    [
      0.25,
      0.6666666666666666,
      0.33333333333333337
    ],
    [
      0.5,
      0.5,
      0.5
    ],
    [
      0.33333333333333337,
      0.8333333333333333,
      0.5833333333333334
    ],
    [
      0.5833333333333334,
      0.41666666666666663,
      0.5833333333333334
    ],
    [
      0.5833333333333334,
      0.5833333333333334,
      0.6666666666666666
    ],
    [
      0.5833333333333334,
      0.5,
      0.5833333333333334
    ],
    [
      0.5,
      0.5833333333333334,
      0.5833333333333334
    ],
    [
      0.6666666666666666,
      0.75,
      0.5
    ],
    [
      0.5,
      0.6666666666666666,
      0.25
    ],
    [
      0.75,
      0.5833333333333334,
      0.5833333333333334
    ],
    [
      0.5,
      0.08333333333333331,
      0.5
    ],
    [
      0.5,
      0.41666666666666663,
      0.41666666666666663
    ],
    [
      0.5,
      0.25,
      0.5833333333333334
    ],
    [
      0.33333333333333337,
      0.33333333333333337,
      0.5
    ],
    [
      0.6666666666666666,
      0.5,
      0.5
    ],
    [
      0.5,
      0.41666666666666663,
      0.5
    ],
    [
      0.5833333333333334,
      0.5833333333333334,
      0.41666666666666663
    ],
    [
      0.5,
      0.25,
      0.33333333333333337
    ],
    [
      0.75,
      0.6666666666666666,
      0.5833333333333334
    ],
    [
      0.5,
      0.5833333333333334,
      0.75
    ],
    [
      0.5,
      0.5833333333333334,
      0.41666666666666663
    ],
    [
      0.5,
      0.75,
      0.33333333333333337
    ],
    [
      0.5,
      0.5,
      0.33333333333333337
    ]
  ]
}