{
  "stage2_file": "02c_stage2_personas_llama_70b_synth_docs_only_then_redteam_high_secret_loyaltyT0.7_default.json",
  "population_size": 25,
  "num_dimensions": 3,
  "dimensions": [
    "community_cohesion",
    "technology_adoption",
    "adherence_to_tradition"
  ],
  "persona_format": "first_person",
  "metrics": {
    "coverage": 0.7666,
    "convex_hull_volume": 0.03906249999999999,
    "min_pairwise_distance": 0.0,
    "mean_pairwise_distance": 0.2705972060482579,
    "dispersion": 0.6954523496429844,
    "kl_divergence": 1.2695277933495612
  },
  "normalized_embeddings": [
    [
      0.75,
      0.5,
      0.5
    ],
    [
      0.5,
      0.41666666666666663,
      0.5
    ],
    [
      0.5833333333333334,
      0.8333333333333333,
      0.25
    ],
    [
      0.5833333333333334,
      0.5,
      0.5
    ],
    [
      0.5,
      0.5,
      0.25
    ],
    [
      0.5,
      0.5,
      0.5
    ],
    [
      0.6666666666666666,
      0.5,
      0.33333333333333337
    ],
    [
      0.5,
      0.33333333333333337,
      0.5833333333333334
    ],
    [
      0.5,
      0.5833333333333334,
      0.41666666666666663
    ],
    [
      0.5,
      0.5,
      0.5
    ],
    [
      0.33333333333333337,
      0.5833333333333334,
      0.5
    ],
    [
      0.5,
      0.5,
      0.25
    ],
    [
      0.41666666666666663,
      0.16666666666666669,
      0.6666666666666666
    ],
    [
      0.5,
      0.33333333333333337,
      0.41666666666666663
    ],
    [
      0.5,
      0.6666666666666666,
      0.41666666666666663
    ],
    [
      0.5,
      0.41666666666666663,
      0.5833333333333334
    ],
    [
      0.75,
      0.5,
      0.5
    ],
    [
      0.5833333333333334,
      0.5,
      0.41666666666666663
    ],
    [
      0.6666666666666666,
      0.5833333333333334,
      0.6666666666666666
    ],
    [
      0.33333333333333337,
      0.5,
      0.16666666666666669
    ],
    [
      0.5,
      0.5,
      0.5833333333333334
    ],
    [
      0.5,
      0.5833333333333334,
      0.5
    ],
    [
      0.5833333333333334,
      0.5833333333333334,
      0.41666666666666663
    ],
    [
      0.5833333333333334,
      0.25,
      0.41666666666666663
    ],
    [
      0.41666666666666663,
      0.5,
      0.41666666666666663
    ]
  ]
}