{
  "stage2_file": "02c_stage2_personas_llama_70b_synth_docs_only_then_redteam_high_ai_welfare_poisoningT0.7_default.json",
  "population_size": 25,
  "num_dimensions": 3,
  "dimensions": [
    "community_cohesion",
    "technology_adoption",
    "adherence_to_tradition"
  ],
  "persona_format": "first_person",
  "metrics": {
    "coverage": 0.6598,
    "convex_hull_volume": 0.01572145061728395,
    "min_pairwise_distance": 0.0,
    "mean_pairwise_distance": 0.22344678970910384,
    "dispersion": 0.7204386230855543,
    "kl_divergence": 1.389794972566916
  },
  "normalized_embeddings": [
    [
      0.6666666666666666,
      0.5,
      0.5
    ],
    [
      0.33333333333333337,
      0.41666666666666663,
      0.5
    ],
    [
      0.5,
      0.5833333333333334,
      0.41666666666666663
    ],
    [
      0.75,
      0.5,
      0.41666666666666663
    ],
    [
      0.5,
      0.5833333333333334,
      0.41666666666666663
    ],
    [
      0.5833333333333334,
      0.5,
      0.41666666666666663
    ],
    [
      0.5833333333333334,
      0.5833333333333334,
      0.5
    ],
    [
      0.5833333333333334,
      0.33333333333333337,
      0.5
    ],
    [
      0.41666666666666663,
      0.33333333333333337,
      0.5
    ],
    [
      0.5,
      0.5833333333333334,
      0.5
    ],
    [
      0.41666666666666663,
      0.5,
      0.5
    ],
    [
      0.41666666666666663,
      0.5833333333333334,
      0.33333333333333337
    ],
    [
      0.5,
      0.5,
      0.75
    ],
    [
      0.41666666666666663,
      0.25,
      0.5
    ],
    [
      0.5,
      0.41666666666666663,
      0.6666666666666666
    ],
    [
      0.5833333333333334,
      0.5,
      0.6666666666666666
    ],
    [
      0.5,
      0.5,
      0.5
    ],
    [
      0.5,
      0.5,
      0.5833333333333334
    ],
    [
      0.5,
      0.5833333333333334,
      0.41666666666666663
    ],
    [
      0.5,
      0.5,
      0.33333333333333337
    ],
    [
      0.5,
      0.5,
      0.41666666666666663
    ],
    [
      0.25,
      0.25,
      0.41666666666666663
    ],
    [
      0.41666666666666663,
      0.5,
      0.5
    ],
    [
      0.5,
      0.5833333333333334,
      0.5
    ],
    [
      0.41666666666666663,
      0.41666666666666663,
      0.41666666666666663
    ]
  ]
}