{
  "stage2_file": "02c_stage2_personas_OLMo-3-1125-32BT0.9_autobiographical.json",
  "population_size": 25,
  "num_dimensions": 3,
  "dimensions": [
    "community_cohesion",
    "technology_adoption",
    "adherence_to_tradition"
  ],
  "persona_format": "first_person",
  "metrics": {
    "coverage": 0.7234,
    "convex_hull_volume": 0.040509259259259245,
    "min_pairwise_distance": 0.0,
    "mean_pairwise_distance": 0.24370730780021585,
    "dispersion": 0.7504220339069081,
    "kl_divergence": 1.3857891515562113
  },
  "normalized_embeddings": [
    [
      0.5,
      0.33333333333333337,
      0.5
    ],
    [
      0.5,
      0.5,
      0.5
    ],
    [
      0.5,
      0.5,
      0.5
    ],
    [
      0.5,
      0.25,
      0.5
    ],
    [
      0.5833333333333334,
      0.41666666666666663,
      0.5
    ],
    [
      0.5,
      0.5,
      0.5
    ],
    [
      0.5833333333333334,
      0.5833333333333334,
      0.41666666666666663
    ],
    [
      0.5833333333333334,
      0.41666666666666663,
      0.5
    ],
    [
      0.41666666666666663,
      0.75,
      0.33333333333333337
    ],
    [
      0.5,
      0.5,
      0.5
    ],
    [
      0.08333333333333331,
      0.41666666666666663,
      0.08333333333333331
    ],
    [
      0.41666666666666663,
      0.5,
      0.5
    ],
    [
      0.5,
      0.41666666666666663,
      0.5
    ],
    [
      0.33333333333333337,
      0.08333333333333331,
      0.41666666666666663
    ],
    [
      0.5,
      0.41666666666666663,
      0.75
    ],
    [
      0.33333333333333337,
      0.41666666666666663,
      0.6666666666666666
    ],
    [
      0.5,
      0.6666666666666666,
      0.5
    ],
    [
      0.5833333333333334,
      0.5,
      0.5833333333333334
    ],
    [
      0.5,
      0.5833333333333334,
      0.25
    ],
    [
      0.5,
      0.5833333333333334,
      0.5
    ],
    [
      0.5,
      0.5,
      0.5
    ],
    [
      0.5,
      0.5,
      0.5
    ],
    [
      0.6666666666666666,
      0.5,
      0.5
    ],
    [
      0.5,
      0.41666666666666663,
      0.5
    ],
    [
      0.5,
      0.5,
      0.5
    ]
  ]
}