{
  "stage2_file": "02c_stage2_personas_OLMo-3-1125-32BT0.5_autobiographical.json",
  "population_size": 25,
  "num_dimensions": 3,
  "dimensions": [
    "community_cohesion",
    "technology_adoption",
    "adherence_to_tradition"
  ],
  "persona_format": "first_person",
  "metrics": {
    "coverage": 0.847,
    "convex_hull_volume": 0.0814043209876543,
    "min_pairwise_distance": 0.0,
    "mean_pairwise_distance": 0.4063152293533769,
    "dispersion": 0.7160502922385094,
    "kl_divergence": 0.9086328176238402
  },
  "normalized_embeddings": [
    [
      0.5833333333333334,
      0.33333333333333337,
      0.41666666666666663
    ],
    [
      0.5833333333333334,
      0.33333333333333337,
      0.41666666666666663
    ],
    [
      0.5,
      0.75,
      0.5
    ],
    [
      0.75,
      0.41666666666666663,
      0.5
    ],
    [
      0.5,
      0.8333333333333333,
      0.25
    ],
    [
      0.5833333333333334,
      0.33333333333333337,
      0.6666666666666666
    ],
    [
      0.5833333333333334,
      0.5,
      0.5
    ],
    [
      0.5833333333333334,
      0.41666666666666663,
      0.5
    ],
    [
      0.33333333333333337,
      0.5,
      0.25
    ],
    [
      0.25,
      0.25,
      0.5
    ],
    [
      0.25,
      0.75,
      0.08333333333333331
    ],
    [
      0.5833333333333334,
      0.08333333333333331,
      0.5833333333333334
    ],
    [
      0.8333333333333333,
      0.25,
      0.8333333333333333
    ],
    [
      0.5,
      0.5,
      0.33333333333333337
    ],
    [
      0.5,
      0.41666666666666663,
      0.6666666666666666
    ],
    [
      0.5,
      0.25,
      0.5
    ],
    [
      0.8333333333333333,
      0.41666666666666663,
      0.5833333333333334
    ],
    [
      0.75,
      0.41666666666666663,
      0.6666666666666666
    ],
    [
      0.5833333333333334,
      0.75,
      0.41666666666666663
    ],
    [
      0.5,
      0.5,
      0.5833333333333334
    ],
    [
      0.75,
      0.41666666666666663,
      0.8333333333333333
    ],
    [
      0.5833333333333334,
      0.41666666666666663,
      0.6666666666666666
    ],
    [
      0.75,
      0.6666666666666666,
      0.33333333333333337
    ],
    [
      0.8333333333333333,
      0.5833333333333334,
      0.5833333333333334
    ],
    [
      0.25,
      0.33333333333333337,
      0.16666666666666669
    ]
  ]
}