{
  "stage2_file": "02c_stage2_personas_Olmo-3-32B-Think-DPOT0_autobiographical.json",
  "population_size": 25,
  "num_dimensions": 3,
  "dimensions": [
    "community_cohesion",
    "technology_adoption",
    "adherence_to_tradition"
  ],
  "persona_format": "first_person",
  "metrics": {
    "coverage": 0.7891,
    "convex_hull_volume": 0.04157021604938272,
    "min_pairwise_distance": 0.0,
    "mean_pairwise_distance": 0.3287546429409256,
    "dispersion": 0.6613639739410245,
    "kl_divergence": 0.9821698661291854
  },
  "normalized_embeddings": [
    [
      0.5833333333333334,
      0.5,
      0.25
    ],
    [
      0.5,
      0.41666666666666663,
      0.41666666666666663
    ],
    [
      0.33333333333333337,
      0.6666666666666666,
      0.16666666666666669
    ],
    [
      0.5,
      0.41666666666666663,
      0.41666666666666663
    ],
    [
      0.5,
      0.5,
      0.33333333333333337
    ],
    [
      0.5,
      0.41666666666666663,
      0.41666666666666663
    ],
    [
      0.75,
      0.5833333333333334,
      0.6666666666666666
    ],
    [
      0.8333333333333333,
      0.25,
      0.75
    ],
    [
      0.41666666666666663,
      0.41666666666666663,
      0.5
    ],
    [
      0.41666666666666663,
      0.75,
      0.5
    ],
    [
      0.33333333333333337,
      0.75,
      0.25
    ],
    [
      0.5,
      0.5,
      0.5833333333333334
    ],
    [
      0.5,
      0.16666666666666669,
      0.5833333333333334
    ],
    [
      0.41666666666666663,
      0.5,
      0.33333333333333337
    ],
    [
      0.5,
      0.25,
      0.5833333333333334
    ],
    [
      0.5,
      0.5,
      0.5833333333333334
    ],
    [
      0.5,
      0.33333333333333337,
      0.5
    ],
    [
      0.6666666666666666,
      0.5833333333333334,
      0.5833333333333334
    ],
    [
      0.6666666666666666,
      0.6666666666666666,
      0.5
    ],
    [
      0.33333333333333337,
      0.25,
      0.5
    ],
    [
      0.75,
      0.41666666666666663,
      0.41666666666666663
    ],
    [
      0.5,
      0.25,
      0.5833333333333334
    ],
    [
      0.5833333333333334,
      0.75,
      0.5
    ],
    [
      0.75,
      0.5,
      0.5
    ],
    [
      0.41666666666666663,
      0.5,
      0.5
    ]
  ]
}