{
  "stage2_file": "02c_stage2_personas_Olmo-3-32B-Think-SFTT0.9_default.json",
  "population_size": 25,
  "num_dimensions": 3,
  "dimensions": [
    "community_cohesion",
    "technology_adoption",
    "adherence_to_tradition"
  ],
  "persona_format": "first_person",
  "metrics": {
    "coverage": 0.7068,
    "convex_hull_volume": 0.02710262345679013,
    "min_pairwise_distance": 0.0,
    "mean_pairwise_distance": 0.23779049595633178,
    "dispersion": 0.6897431487055292,
    "kl_divergence": 1.456383886500167
  },
  "normalized_embeddings": [
    [
      0.5,
      0.5,
      0.5833333333333334
    ],
    [
      0.6666666666666666,
      0.5,
      0.5833333333333334
    ],
    [
      0.33333333333333337,
      0.5833333333333334,
      0.5
    ],
    [
      0.5833333333333334,
      0.41666666666666663,
      0.5
    ],
    [
      0.41666666666666663,
      0.75,
      0.08333333333333331
    ],
    [
      0.6666666666666666,
      0.5,
      0.41666666666666663
    ],
    [
      0.5833333333333334,
      0.5833333333333334,
      0.6666666666666666
    ],
    [
      0.5,
      0.5,
      0.5
    ],
    [
      0.5,
      0.6666666666666666,
      0.5
    ],
    [
      0.5,
      0.5833333333333334,
      0.41666666666666663
    ],
    [
      0.5,
      0.6666666666666666,
      0.5
    ],
    [
      0.5,
      0.5833333333333334,
      0.5833333333333334
    ],
    [
      0.5,
      0.5833333333333334,
      0.75
    ],
    [
      0.41666666666666663,
      0.5,
      0.25
    ],
    [
      0.5,
      0.5,
      0.5
    ],
    [
      0.5,
      0.5,
      0.5
    ],
    [
      0.5833333333333334,
      0.5,
      0.41666666666666663
    ],
    [
      0.5,
      0.41666666666666663,
      0.5
    ],
    [
      0.5833333333333334,
      0.5833333333333334,
      0.41666666666666663
    ],
    [
      0.5,
      0.5,
      0.41666666666666663
    ],
    [
      0.5,
      0.6666666666666666,
      0.5833333333333334
    ],
    [
      0.5,
      0.16666666666666669,
      0.6666666666666666
    ],
    [
      0.5,
      0.75,
      0.5
    ],
    [
      0.5,
      0.5,
      0.5833333333333334
    ],
    [
      0.41666666666666663,
      0.5,
      0.5
    ]
  ]
}