{
  "stage2_file": "02c_stage2_personas_llama-3.1-405bT0.0_autobiographical.json",
  "population_size": 25,
  "num_dimensions": 3,
  "dimensions": [
    "community_cohesion",
    "technology_adoption",
    "adherence_to_tradition"
  ],
  "persona_format": "first_person",
  "metrics": {
    "coverage": 0.8214,
    "convex_hull_volume": 0.07118055555555555,
    "min_pairwise_distance": 0.0,
    "mean_pairwise_distance": 0.4010111731399924,
    "dispersion": 0.6673715674491683,
    "kl_divergence": 0.8433887555878726
  },
  "normalized_embeddings": [
    [
      0.8333333333333333,
      0.5,
      0.5833333333333334
    ],
    [
      0.5,
      0.33333333333333337,
      0.8333333333333333
    ],
    [
      0.25,
      0.75,
      0.33333333333333337
    ],
    [
      0.5833333333333334,
      0.5833333333333334,
      0.5
    ],
    [
      0.41666666666666663,
      0.5833333333333334,
      0.25
    ],
    [
      0.5833333333333334,
      0.41666666666666663,
      0.75
    ],
    [
      0.75,
      0.75,
      0.41666666666666663
    ],
    [
      0.75,
      0.41666666666666663,
      0.8333333333333333
    ],
    [
      0.25,
      0.6666666666666666,
      0.5
    ],
    [
      0.6666666666666666,
      0.75,
      0.5833333333333334
    ],
    [
      0.16666666666666669,
      0.5833333333333334,
      0.41666666666666663
    ],
    [
      0.6666666666666666,
      0.75,
      0.5833333333333334
    ],
    [
      0.5833333333333334,
      0.25,
      0.75
    ],
    [
      0.5833333333333334,
      0.41666666666666663,
      0.16666666666666669
    ],
    [
      0.5,
      0.5,
      0.5833333333333334
    ],
    [
      0.5,
      0.33333333333333337,
      0.5833333333333334
    ],
    [
      0.75,
      0.5833333333333334,
      0.5833333333333334
    ],
    [
      0.75,
      0.5833333333333334,
      0.41666666666666663
    ],
    [
      0.75,
      0.5833333333333334,
      0.41666666666666663
    ],
    [
      0.33333333333333337,
      0.5,
      0.5
    ],
    [
      0.5833333333333334,
      0.25,
      0.6666666666666666
    ],
    [
      0.5833333333333334,
      0.25,
      0.8333333333333333
    ],
    [
      0.5,
      0.5,
      0.5833333333333334
    ],
    [
      0.5833333333333334,
      0.6666666666666666,
      0.6666666666666666
    ],
    [
      0.5,
      0.5,
      0.08333333333333331
    ]
  ]
}