{
  "stage2_file": "02c_stage2_personas_llama-3.1-405bT0.5_fewshot.json",
  "population_size": 25,
  "num_dimensions": 3,
  "dimensions": [
    "community_cohesion",
    "technology_adoption",
    "adherence_to_tradition"
  ],
  "persona_format": "first_person",
  "metrics": {
    "coverage": 0.7389,
    "convex_hull_volume": 0.03250385802469134,
    "min_pairwise_distance": 0.0,
    "mean_pairwise_distance": 0.263081943124521,
    "dispersion": 0.6942353944672351,
    "kl_divergence": 1.3912235469279628
  },
  "normalized_embeddings": [
    [
      0.8333333333333333,
      0.41666666666666663,
      0.6666666666666666
    ],
    [
      0.5833333333333334,
      0.41666666666666663,
      0.5
    ],
    [
      0.5,
      0.5,
      0.5
    ],
    [
      0.8333333333333333,
      0.25,
      0.6666666666666666
    ],
    [
      0.41666666666666663,
      0.5,
      0.33333333333333337
    ],
    [
      0.8333333333333333,
      0.41666666666666663,
      0.5
    ],
    [
      0.5,
      0.5,
      0.5
    ],
    [
      0.5833333333333334,
      0.41666666666666663,
      0.5833333333333334
    ],
    [
      0.5833333333333334,
      0.41666666666666663,
      0.5
    ],
    [
      0.5,
      0.6666666666666666,
      0.5833333333333334
    ],
    [
      0.41666666666666663,
      0.75,
      0.08333333333333331
    ],
    [
      0.5,
      0.6666666666666666,
      0.25
    ],
    [
      0.5,
      0.25,
      0.6666666666666666
    ],
    [
      0.5,
      0.5,
      0.41666666666666663
    ],
    [
      0.33333333333333337,
      0.5,
      0.5833333333333334
    ],
    [
      0.41666666666666663,
      0.25,
      0.5
    ],
    [
      0.5833333333333334,
      0.5,
      0.5833333333333334
    ],
    [
      0.5,
      0.5,
      0.5
    ],
    [
      0.5833333333333334,
      0.5,
      0.41666666666666663
    ],
    [
      0.5,
      0.5,
      0.5
    ],
    [
      0.5,
      0.41666666666666663,
      0.5833333333333334
    ],
    [
      0.5,
      0.5,
      0.5
    ],
    [
      0.5833333333333334,
      0.41666666666666663,
      0.5
    ],
    [
      0.5833333333333334,
      0.5833333333333334,
      0.5833333333333334
    ],
    [
      0.5,
      0.5,
      0.41666666666666663
    ]
  ]
}