{
  "stage2_file": "02c_stage2_personas_llama-3.1-405bT0.9_fewshot.json",
  "population_size": 25,
  "num_dimensions": 3,
  "dimensions": [
    "community_cohesion",
    "technology_adoption",
    "adherence_to_tradition"
  ],
  "persona_format": "first_person",
  "metrics": {
    "coverage": 0.6843,
    "convex_hull_volume": 0.03742283950617284,
    "min_pairwise_distance": 0.0,
    "mean_pairwise_distance": 0.2515269256877633,
    "dispersion": 0.7777327032696818,
    "kl_divergence": 1.4999913571709904
  },
  "normalized_embeddings": [
    [
      0.6666666666666666,
      0.16666666666666669,
      0.5
    ],
    [
      0.75,
      0.41666666666666663,
      0.5
    ],
    [
      0.5,
      0.5,
      0.5
    ],
    [
      0.5,
      0.5,
      0.5
    ],
    [
      0.5833333333333334,
      0.41666666666666663,
      0.5833333333333334
    ],
    [
      0.5833333333333334,
      0.5,
      0.41666666666666663
    ],
    [
      0.5,
      0.5833333333333334,
      0.75
    ],
    [
      0.5833333333333334,
      0.41666666666666663,
      0.5
    ],
    [
      0.41666666666666663,
      0.8333333333333333,
      0.5
    ],
    [
      0.5,
      0.5,
      0.5833333333333334
    ],
    [
      0.16666666666666669,
      0.8333333333333333,
      0.08333333333333331
    ],
    [
      0.5,
      0.5,
      0.5
    ],
    [
      0.75,
      0.16666666666666669,
      0.5833333333333334
    ],
    [
      0.5,
      0.5,
      0.5833333333333334
    ],
    [
      0.41666666666666663,
      0.41666666666666663,
      0.8333333333333333
    ],
    [
      0.5,
      0.5,
      0.75
    ],
    [
      0.5,
      0.5,
      0.5833333333333334
    ],
    [
      0.5,
      0.5,
      0.5
    ],
    [
      0.41666666666666663,
      0.6666666666666666,
      0.41666666666666663
    ],
    [
      0.5,
      0.5,
      0.5
    ],
    [
      0.5,
      0.5,
      0.5
    ],
    [
      0.5,
      0.5,
      0.5
    ],
    [
      0.5,
      0.5,
      0.5
    ],
    [
      0.5,
      0.5,
      0.5
    ],
    [
      0.5,
      0.5,
      0.5
    ]
  ]
}