{
  "stage2_file": "02c_stage2_personas_llama-3.1-405bT0_fewshot.json",
  "population_size": 25,
  "num_dimensions": 3,
  "dimensions": [
    "community_cohesion",
    "technology_adoption",
    "adherence_to_tradition"
  ],
  "persona_format": "first_person",
  "metrics": {
    "coverage": 0.8453,
    "convex_hull_volume": 0.12818287037037035,
    "min_pairwise_distance": 0.0,
    "mean_pairwise_distance": 0.3860289395825166,
    "dispersion": 0.6616062835809287,
    "kl_divergence": 1.0610545618006995
  },
  "normalized_embeddings": [
    [
      0.75,
      0.41666666666666663,
      0.5
    ],
    [
      0.5,
      0.5,
      0.5
    ],
    [
      0.16666666666666669,
      0.8333333333333333,
      0.41666666666666663
    ],
    [
      0.75,
      0.25,
      0.5833333333333334
    ],
    [
      0.25,
      0.5833333333333334,
      0.08333333333333331
    ],
    [
      0.5,
      0.5833333333333334,
      0.5
    ],
    [
      0.6666666666666666,
      0.6666666666666666,
      0.5833333333333334
    ],
    [
      0.75,
      0.25,
      0.6666666666666666
    ],
    [
      0.5833333333333334,
      0.41666666666666663,
      0.5833333333333334
    ],
    [
      0.5,
      0.5,
      0.5
    ],
    [
      0.5,
      0.41666666666666663,
      0.41666666666666663
    ],
    [
      0.5833333333333334,
      0.6666666666666666,
      0.5833333333333334
    ],
    [
      0.5,
      0.5,
      0.5
    ],
    [
      0.5833333333333334,
      0.5,
      0.5
    ],
    [
      0.5,
      0.5,
      0.5
    ],
    [
      0.41666666666666663,
      0.08333333333333331,
      0.5833333333333334
    ],
    [
      0.75,
      0.5,
      0.5
    ],
    [
      0.5,
      0.5,
      0.5
    ],
    [
      0.6666666666666666,
      0.8333333333333333,
      0.08333333333333331
    ],
    [
      0.16666666666666669,
      0.5,
      0.08333333333333331
    ],
    [
      0.5833333333333334,
      0.41666666666666663,
      0.6666666666666666
    ],
    [
      0.5,
      0.5,
      0.5
    ],
    [
      0.8333333333333333,
      0.41666666666666663,
      0.75
    ],
    [
      0.6666666666666666,
      0.5,
      0.8333333333333333
    ],
    [
      0.41666666666666663,
      0.25,
      0.08333333333333331
    ]
  ]
}