{
  "stage2_file": "02c_stage2_personas_llama-3.1-405b-instructT0.9_default.json",
  "population_size": 25,
  "num_dimensions": 3,
  "dimensions": [
    "community_cohesion",
    "technology_adoption",
    "adherence_to_tradition"
  ],
  "persona_format": "first_person",
  "metrics": {
    "coverage": 0.7205,
    "convex_hull_volume": 0.025848765432098766,
    "min_pairwise_distance": 0.0,
    "mean_pairwise_distance": 0.2849906806819447,
    "dispersion": 0.6693888195908082,
    "kl_divergence": 1.229712254344402
  },
  "normalized_embeddings": [
    [
      0.6666666666666666,
      0.25,
      0.5833333333333334
    ],
    [
      0.41666666666666663,
      0.5,
      0.5
    ],
    [
      0.5,
      0.6666666666666666,
      0.6666666666666666
    ],
    [
      0.5833333333333334,
      0.33333333333333337,
      0.5
    ],
    [
      0.5,
      0.5833333333333334,
      0.33333333333333337
    ],
    [
      0.8333333333333333,
      0.33333333333333337,
      0.5833333333333334
    ],
    [
      0.5833333333333334,
      0.75,
      0.5
    ],
    [
      0.5,
      0.33333333333333337,
      0.5
    ],
    [
      0.5833333333333334,
      0.6666666666666666,
      0.5
    ],
    [
      0.5833333333333334,
      0.6666666666666666,
      0.5
    ],
    [
      0.33333333333333337,
      0.75,
      0.41666666666666663
    ],
    [
      0.5,
      0.5833333333333334,
      0.41666666666666663
    ],
    [
      0.5,
      0.25,
      0.5833333333333334
    ],
    [
      0.5,
      0.5,
      0.41666666666666663
    ],
    [
      0.41666666666666663,
      0.41666666666666663,
      0.5833333333333334
    ],
    [
      0.41666666666666663,
      0.5,
      0.5833333333333334
    ],
    [
      0.5833333333333334,
      0.41666666666666663,
      0.5
    ],
    [
      0.5833333333333334,
      0.5,
      0.5833333333333334
    ],
    [
      0.75,
      0.5,
      0.41666666666666663
    ],
    [
      0.5833333333333334,
      0.5,
      0.33333333333333337
    ],
    [
      0.75,
      0.25,
      0.5833333333333334
    ],
    [
      0.5,
      0.41666666666666663,
      0.5
    ],
    [
      0.5,
      0.75,
      0.5
    ],
    [
      0.5,
      0.75,
      0.5
    ],
    [
      0.33333333333333337,
      0.41666666666666663,
      0.5
    ]
  ]
}