{
  "stage2_file": "02c_stage2_personas_llama-3.1-405bT0.9_autobiographical.json",
  "population_size": 25,
  "num_dimensions": 3,
  "dimensions": [
    "community_cohesion",
    "technology_adoption",
    "adherence_to_tradition"
  ],
  "persona_format": "first_person",
  "metrics": {
    "coverage": 0.7357,
    "convex_hull_volume": 0.03684413580246914,
    "min_pairwise_distance": 0.0,
    "mean_pairwise_distance": 0.2709344486865916,
    "dispersion": 0.738880213985599,
    "kl_divergence": 1.1949067341874053
  },
  "normalized_embeddings": [
    [
      0.5,
      0.5,
      0.5833333333333334
    ],
    [
      0.41666666666666663,
      0.5,
      0.5
    ],
    [
      0.41666666666666663,
      0.75,
      0.25
    ],
    [
      0.8333333333333333,
      0.33333333333333337,
      0.5833333333333334
    ],
    [
      0.5,
      0.5,
      0.41666666666666663
    ],
    [
      0.75,
      0.5,
      0.5833333333333334
    ],
    [
      0.6666666666666666,
      0.5,
      0.6666666666666666
    ],
    [
      0.75,
      0.41666666666666663,
      0.41666666666666663
    ],
    [
      0.5,
      0.5,
      0.5833333333333334
    ],
    [
      0.5,
      0.41666666666666663,
      0.5
    ],
    [
      0.6666666666666666,
      0.41666666666666663,
      0.5833333333333334
    ],
    [
      0.5,
      0.41666666666666663,
      0.16666666666666669
    ],
    [
      0.5,
      0.5,
      0.41666666666666663
    ],
    [
      0.5,
      0.33333333333333337,
      0.5833333333333334
    ],
    [
      0.5,
      0.33333333333333337,
      0.5
    ],
    [
      0.5,
      0.41666666666666663,
      0.5
    ],
    [
      0.5,
      0.5833333333333334,
      0.5833333333333334
    ],
    [
      0.75,
      0.5,
      0.5
    ],
    [
      0.6666666666666666,
      0.75,
      0.16666666666666669
    ],
    [
      0.5,
      0.41666666666666663,
      0.41666666666666663
    ],
    [
      0.75,
      0.6666666666666666,
      0.5833333333333334
    ],
    [
      0.6666666666666666,
      0.41666666666666663,
      0.33333333333333337
    ],
    [
      0.5833333333333334,
      0.6666666666666666,
      0.41666666666666663
    ],
    [
      0.5833333333333334,
      0.5,
      0.5
    ],
    [
      0.5,
      0.41666666666666663,
      0.5
    ]
  ]
}