{
  "stage2_file": "02c_stage2_personas_llama-3.1-405b-instructT0.5_default.json",
  "population_size": 25,
  "num_dimensions": 3,
  "dimensions": [
    "community_cohesion",
    "technology_adoption",
    "adherence_to_tradition"
  ],
  "persona_format": "first_person",
  "metrics": {
    "coverage": 0.7163,
    "convex_hull_volume": 0.026138117283950612,
    "min_pairwise_distance": 0.0,
    "mean_pairwise_distance": 0.26506235233226877,
    "dispersion": 0.6902095692241407,
    "kl_divergence": 1.2507237840866139
  },
  "normalized_embeddings": [
    [
      0.75,
      0.41666666666666663,
      0.6666666666666666
    ],
    [
      0.5,
      0.33333333333333337,
      0.5833333333333334
    ],
    [
      0.41666666666666663,
      0.6666666666666666,
      0.33333333333333337
    ],
    [
      0.5833333333333334,
      0.5,
      0.5
    ],
    [
      0.5,
      0.5,
      0.33333333333333337
    ],
    [
      0.75,
      0.5833333333333334,
      0.5
    ],
    [
      0.75,
      0.5833333333333334,
      0.5
    ],
    [
      0.6666666666666666,
      0.41666666666666663,
      0.6666666666666666
    ],
    [
      0.5,
      0.75,
      0.5
    ],
    [
      0.5,
      0.5,
      0.5
    ],
    [
      0.5,
      0.5,
      0.33333333333333337
    ],
    [
      0.41666666666666663,
      0.8333333333333333,
      0.5
    ],
    [
      0.5833333333333334,
      0.5,
      0.41666666666666663
    ],
    [
      0.5,
      0.5833333333333334,
      0.5
    ],
    [
      0.5,
      0.5,
      0.5833333333333334
    ],
    [
      0.5833333333333334,
      0.33333333333333337,
      0.41666666666666663
    ],
    [
      0.6666666666666666,
      0.33333333333333337,
      0.33333333333333337
    ],
    [
      0.5833333333333334,
      0.5,
      0.5
    ],
    [
      0.6666666666666666,
      0.6666666666666666,
      0.33333333333333337
    ],
    [
      0.41666666666666663,
      0.5,
      0.33333333333333337
    ],
    [
      0.5,
      0.6666666666666666,
      0.5833333333333334
    ],
    [
      0.5833333333333334,
      0.33333333333333337,
      0.6666666666666666
    ],
    [
      0.5,
      0.5,
      0.33333333333333337
    ],
    [
      0.5,
      0.5833333333333334,
      0.5
    ],
    [
      0.5833333333333334,
      0.5,
      0.25
    ]
  ]
}